{"lonlat":{"44":[-73.886147,40.652279],"47":[-73.888339,40.651737],"48":[-73.890005,40.650979],"45":[-73.884737,40.650381],"43":[-73.892574,40.64875],"42":[-73.894212,40.647692],"56":[-73.881733,40.647608],"46":[-73.899644,40.646791],"41":[-73.895698,40.646732],"51":[-73.88011,40.646144],"59":[-73.901761,40.645456],"49":[-73.878008,40.64438],"52":[-73.901563,40.643356],"69":[-73.878269,40.642968],"38":[-73.902689,40.642232],"37":[-73.90424,40.641223],"36":[-73.906024,40.640161],"35":[-73.907063,40.6394],"34":[-73.90852,40.638457],"33":[-73.910039,40.637481],"32":[-73.911845,40.636307],"31":[-73.912833,40.635669],"61":[-73.915509,40.633944],"30":[-73.917964,40.632435],"40":[-73.920928,40.630435],"39":[-73.924526,40.628107],"53":[-73.927911,40.625963],"57":[-73.930583,40.624296],"55":[-73.932785,40.622865],"50":[-73.936666,40.622325],"29":[-73.939312,40.621437],"54":[-73.935012,40.621431],"70":[-73.940893,40.619832],"28":[-73.942175,40.61878],"27":[-73.943444,40.617286],"26":[-73.944879,40.615952],"25":[-73.947586,40.614047],"24":[-73.949277,40.612831],"23":[-73.951181,40.611336],"22":[-73.953732,40.61054],"21":[-73.955222,40.61001],"58":[-73.957521,40.609038],"20":[-73.960227,40.607908],"19":[-73.961376,40.607467],"10":[-73.989185,40.606366],"18":[-73.965268,40.606182],"11":[-73.986599,40.605901],"12":[-73.984352,40.605566],"9":[-73.989941,40.60552],"17":[-73.967361,40.605439],"62":[-73.980387,40.605134],"13":[-73.977704,40.604796],"14":[-73.976322,40.604593],"16":[-73.969576,40.604424],"15":[-73.972421,40.604153],"63":[-73.991688,40.603843],"8":[-73.993317,40.602335],"7":[-73.995232,40.600434],"6":[-73.997389,40.598406],"67":[-73.998301,40.597032],"5":[-73.99691,40.59596],"68":[-73.994363,40.593774],"4":[-73.992878,40.592279],"3":[-73.99164,40.590742],"2":[-73.990563,40.58941],"1":[-73.989591,40.588211],"0":[-73.987889,40.586092],"65":[-73.986269,40.583358],"64":[-73.985657,40.58137],"60":[-73.981777,40.579042],"66":[-73.981296,40.577079]}}