{"lonlat":{"0":[40.577079,-73.981296],"1":[40.579042,-73.981777],"2":[40.58137,-73.985657],"3":[40.583358,-73.986269],"4":[40.586092,-73.987889],"5":[40.588211,-73.989591],"6":[40.58941,-73.990563],"7":[40.590742,-73.99164],"8":[40.592279,-73.992878],"9":[40.593774,-73.994363],"10":[40.59596,-73.99691],"11":[40.597032,-73.998301],"12":[40.598406,-73.997389],"13":[40.600434,-73.995232],"14":[40.602335,-73.993317],"15":[40.603843,-73.991688],"16":[40.60552,-73.989941],"17":[40.606366,-73.989185],"18":[40.605901,-73.986599],"19":[40.605566,-73.984352],"20":[40.605134,-73.980387],"21":[40.604796,-73.977704],"22":[40.604593,-73.976322],"23":[40.604153,-73.972421],"24":[40.604424,-73.969576],"25":[40.605439,-73.967361],"26":[40.606182,-73.965268],"27":[40.607467,-73.961376],"28":[40.607908,-73.960227],"29":[40.609038,-73.957521],"30":[40.61001,-73.955222],"31":[40.61054,-73.953732],"32":[40.611336,-73.951181],"33":[40.612831,-73.949277],"34":[40.614047,-73.947586],"35":[40.615952,-73.944879],"36":[40.617286,-73.943444],"37":[40.61878,-73.942175],"38":[40.619832,-73.940893],"39":[40.621437,-73.939312],"40":[40.622325,-73.936666],"41":[40.621431,-73.935012],"42":[40.622865,-73.932785],"43":[40.624296,-73.930583],"44":[40.625963,-73.927911],"45":[40.628107,-73.924526],"46":[40.630435,-73.920928],"47":[40.632435,-73.917964],"48":[40.633944,-73.915509],"49":[40.635669,-73.912833],"50":[40.636307,-73.911845],"51":[40.637481,-73.910039],"52":[40.638457,-73.90852],"53":[40.6394,-73.907063],"54":[40.640161,-73.906024],"55":[40.641223,-73.90424],"56":[40.642232,-73.902689],"57":[40.643356,-73.901563],"58":[40.645456,-73.901761],"59":[40.646791,-73.899644],"60":[40.646732,-73.895698],"61":[40.647692,-73.894212],"62":[40.64875,-73.892574],"63":[40.650979,-73.890005],"64":[40.651737,-73.888339],"65":[40.652279,-73.886147],"66":[40.650381,-73.884737],"67":[40.647608,-73.881733],"68":[40.646144,-73.88011],"69":[40.64438,-73.878008],"70":[40.642968,-73.878269]}}