{"lonlat":{"0":[-73.9934310913,40.5926551819],"1":[-73.9983673096,40.5970306396],"2":[-73.9052734375,40.6406745911],"3":[-73.9303207397,40.6244850159],"4":[-73.9430999756,40.6177520752],"5":[-73.9816131592,40.5769500732],"6":[-73.9348602295,40.6215438843],"7":[-73.8777236938,40.6437339783],"8":[-73.8897628784,40.6511955261],"9":[-73.9930648804,40.6026573181],"10":[-73.886177063,40.6527366638],"11":[-73.9920806885,40.59116745],"12":[-73.9363098145,40.6220817566],"13":[-73.9881591797,40.5861091614],"14":[-73.943572998,40.6172180176],"15":[-73.9601898193,40.6079597473]}}